period,year,month,entity_scope,entity_id,metric_id,value_percent,comparability_class,coverage_status,metric_definition,source_artifact,source_url,extracted_at,notes
2023-01,2023,1,network,Gesamtnetz,punctuality_p3,92.53,primary_headline,observed,Share of arrivals no more than 3:59 minutes late.,VBB Berlin S-Bahn quality tool,https://unternehmen.vbb.de/qualitaet-im-oepnv/qualitaet-berliner-s-bahn/,2026-07-09T20:59:23+00:00,"Network punctuality, arrivals no more than 3:59 minutes late."
2023-01,2023,1,network,Gesamtnetz,reliability_zg,94.28,primary_headline,observed,Delivered train-km divided by scheduled train-km on the day-current timetable.,VBB Berlin S-Bahn quality tool,https://unternehmen.vbb.de/qualitaet-im-oepnv/qualitaet-berliner-s-bahn/,2026-07-09T20:59:23+00:00,"Network reliability, delivered train-km over scheduled train-km."
2023-01,2023,1,network,Gesamtnetz,punctuality_p0,68.01,sensitivity,observed,Share of arrivals no more than 0:59 minutes late.,VBB Berlin S-Bahn quality tool,https://unternehmen.vbb.de/qualitaet-im-oepnv/qualitaet-berliner-s-bahn/,2026-07-09T20:59:23+00:00,"Network punctuality, arrivals no more than 0:59 minutes late."
2023-02,2023,2,network,Gesamtnetz,punctuality_p3,93.70,primary_headline,observed,Share of arrivals no more than 3:59 minutes late.,VBB Berlin S-Bahn quality tool,https://unternehmen.vbb.de/qualitaet-im-oepnv/qualitaet-berliner-s-bahn/,2026-07-09T20:59:23+00:00,"Network punctuality, arrivals no more than 3:59 minutes late."
2023-02,2023,2,network,Gesamtnetz,reliability_zg,95.10,primary_headline,observed,Delivered train-km divided by scheduled train-km on the day-current timetable.,VBB Berlin S-Bahn quality tool,https://unternehmen.vbb.de/qualitaet-im-oepnv/qualitaet-berliner-s-bahn/,2026-07-09T20:59:23+00:00,"Network reliability, delivered train-km over scheduled train-km."
2023-02,2023,2,network,Gesamtnetz,punctuality_p0,68.14,sensitivity,observed,Share of arrivals no more than 0:59 minutes late.,VBB Berlin S-Bahn quality tool,https://unternehmen.vbb.de/qualitaet-im-oepnv/qualitaet-berliner-s-bahn/,2026-07-09T20:59:23+00:00,"Network punctuality, arrivals no more than 0:59 minutes late."
2023-03,2023,3,network,Gesamtnetz,punctuality_p3,94.99,primary_headline,observed,Share of arrivals no more than 3:59 minutes late.,VBB Berlin S-Bahn quality tool,https://unternehmen.vbb.de/qualitaet-im-oepnv/qualitaet-berliner-s-bahn/,2026-07-09T20:59:23+00:00,"Network punctuality, arrivals no more than 3:59 minutes late."
2023-03,2023,3,network,Gesamtnetz,reliability_zg,93.19,primary_headline,observed,Delivered train-km divided by scheduled train-km on the day-current timetable.,VBB Berlin S-Bahn quality tool,https://unternehmen.vbb.de/qualitaet-im-oepnv/qualitaet-berliner-s-bahn/,2026-07-09T20:59:23+00:00,"Network reliability, delivered train-km over scheduled train-km."
2023-03,2023,3,network,Gesamtnetz,punctuality_p0,71.65,sensitivity,observed,Share of arrivals no more than 0:59 minutes late.,VBB Berlin S-Bahn quality tool,https://unternehmen.vbb.de/qualitaet-im-oepnv/qualitaet-berliner-s-bahn/,2026-07-09T20:59:23+00:00,"Network punctuality, arrivals no more than 0:59 minutes late."
2023-04,2023,4,network,Gesamtnetz,punctuality_p3,95.76,primary_headline,observed,Share of arrivals no more than 3:59 minutes late.,VBB Berlin S-Bahn quality tool,https://unternehmen.vbb.de/qualitaet-im-oepnv/qualitaet-berliner-s-bahn/,2026-07-09T20:59:23+00:00,"Network punctuality, arrivals no more than 3:59 minutes late."
2023-04,2023,4,network,Gesamtnetz,reliability_zg,95.78,primary_headline,observed,Delivered train-km divided by scheduled train-km on the day-current timetable.,VBB Berlin S-Bahn quality tool,https://unternehmen.vbb.de/qualitaet-im-oepnv/qualitaet-berliner-s-bahn/,2026-07-09T20:59:23+00:00,"Network reliability, delivered train-km over scheduled train-km."
2023-04,2023,4,network,Gesamtnetz,punctuality_p0,74.38,sensitivity,observed,Share of arrivals no more than 0:59 minutes late.,VBB Berlin S-Bahn quality tool,https://unternehmen.vbb.de/qualitaet-im-oepnv/qualitaet-berliner-s-bahn/,2026-07-09T20:59:23+00:00,"Network punctuality, arrivals no more than 0:59 minutes late."
2023-05,2023,5,network,Gesamtnetz,punctuality_p3,94.63,primary_headline,observed,Share of arrivals no more than 3:59 minutes late.,VBB Berlin S-Bahn quality tool,https://unternehmen.vbb.de/qualitaet-im-oepnv/qualitaet-berliner-s-bahn/,2026-07-09T20:59:23+00:00,"Network punctuality, arrivals no more than 3:59 minutes late."
2023-05,2023,5,network,Gesamtnetz,reliability_zg,95.13,primary_headline,observed,Delivered train-km divided by scheduled train-km on the day-current timetable.,VBB Berlin S-Bahn quality tool,https://unternehmen.vbb.de/qualitaet-im-oepnv/qualitaet-berliner-s-bahn/,2026-07-09T20:59:23+00:00,"Network reliability, delivered train-km over scheduled train-km."
2023-05,2023,5,network,Gesamtnetz,punctuality_p0,71.44,sensitivity,observed,Share of arrivals no more than 0:59 minutes late.,VBB Berlin S-Bahn quality tool,https://unternehmen.vbb.de/qualitaet-im-oepnv/qualitaet-berliner-s-bahn/,2026-07-09T20:59:23+00:00,"Network punctuality, arrivals no more than 0:59 minutes late."
2023-06,2023,6,network,Gesamtnetz,punctuality_p3,90.42,primary_headline,observed,Share of arrivals no more than 3:59 minutes late.,VBB Berlin S-Bahn quality tool,https://unternehmen.vbb.de/qualitaet-im-oepnv/qualitaet-berliner-s-bahn/,2026-07-09T20:59:23+00:00,"Network punctuality, arrivals no more than 3:59 minutes late."
2023-06,2023,6,network,Gesamtnetz,reliability_zg,93.43,primary_headline,observed,Delivered train-km divided by scheduled train-km on the day-current timetable.,VBB Berlin S-Bahn quality tool,https://unternehmen.vbb.de/qualitaet-im-oepnv/qualitaet-berliner-s-bahn/,2026-07-09T20:59:23+00:00,"Network reliability, delivered train-km over scheduled train-km."
2023-06,2023,6,network,Gesamtnetz,punctuality_p0,62.31,sensitivity,observed,Share of arrivals no more than 0:59 minutes late.,VBB Berlin S-Bahn quality tool,https://unternehmen.vbb.de/qualitaet-im-oepnv/qualitaet-berliner-s-bahn/,2026-07-09T20:59:23+00:00,"Network punctuality, arrivals no more than 0:59 minutes late."
2023-07,2023,7,network,Gesamtnetz,punctuality_p3,93.99,primary_headline,observed,Share of arrivals no more than 3:59 minutes late.,VBB Berlin S-Bahn quality tool,https://unternehmen.vbb.de/qualitaet-im-oepnv/qualitaet-berliner-s-bahn/,2026-07-09T20:59:23+00:00,"Network punctuality, arrivals no more than 3:59 minutes late."
2023-07,2023,7,network,Gesamtnetz,reliability_zg,95.23,primary_headline,observed,Delivered train-km divided by scheduled train-km on the day-current timetable.,VBB Berlin S-Bahn quality tool,https://unternehmen.vbb.de/qualitaet-im-oepnv/qualitaet-berliner-s-bahn/,2026-07-09T20:59:23+00:00,"Network reliability, delivered train-km over scheduled train-km."
2023-07,2023,7,network,Gesamtnetz,punctuality_p0,69.13,sensitivity,observed,Share of arrivals no more than 0:59 minutes late.,VBB Berlin S-Bahn quality tool,https://unternehmen.vbb.de/qualitaet-im-oepnv/qualitaet-berliner-s-bahn/,2026-07-09T20:59:23+00:00,"Network punctuality, arrivals no more than 0:59 minutes late."
2023-08,2023,8,network,Gesamtnetz,punctuality_p3,94.84,primary_headline,observed,Share of arrivals no more than 3:59 minutes late.,VBB Berlin S-Bahn quality tool,https://unternehmen.vbb.de/qualitaet-im-oepnv/qualitaet-berliner-s-bahn/,2026-07-09T20:59:23+00:00,"Network punctuality, arrivals no more than 3:59 minutes late."
2023-08,2023,8,network,Gesamtnetz,reliability_zg,96.33,primary_headline,observed,Delivered train-km divided by scheduled train-km on the day-current timetable.,VBB Berlin S-Bahn quality tool,https://unternehmen.vbb.de/qualitaet-im-oepnv/qualitaet-berliner-s-bahn/,2026-07-09T20:59:23+00:00,"Network reliability, delivered train-km over scheduled train-km."
2023-08,2023,8,network,Gesamtnetz,punctuality_p0,71.77,sensitivity,observed,Share of arrivals no more than 0:59 minutes late.,VBB Berlin S-Bahn quality tool,https://unternehmen.vbb.de/qualitaet-im-oepnv/qualitaet-berliner-s-bahn/,2026-07-09T20:59:23+00:00,"Network punctuality, arrivals no more than 0:59 minutes late."
2023-09,2023,9,network,Gesamtnetz,punctuality_p3,93.42,primary_headline,observed,Share of arrivals no more than 3:59 minutes late.,VBB Berlin S-Bahn quality tool,https://unternehmen.vbb.de/qualitaet-im-oepnv/qualitaet-berliner-s-bahn/,2026-07-09T20:59:23+00:00,"Network punctuality, arrivals no more than 3:59 minutes late."
2023-09,2023,9,network,Gesamtnetz,reliability_zg,94.25,primary_headline,observed,Delivered train-km divided by scheduled train-km on the day-current timetable.,VBB Berlin S-Bahn quality tool,https://unternehmen.vbb.de/qualitaet-im-oepnv/qualitaet-berliner-s-bahn/,2026-07-09T20:59:23+00:00,"Network reliability, delivered train-km over scheduled train-km."
2023-09,2023,9,network,Gesamtnetz,punctuality_p0,66.42,sensitivity,observed,Share of arrivals no more than 0:59 minutes late.,VBB Berlin S-Bahn quality tool,https://unternehmen.vbb.de/qualitaet-im-oepnv/qualitaet-berliner-s-bahn/,2026-07-09T20:59:23+00:00,"Network punctuality, arrivals no more than 0:59 minutes late."
2023-10,2023,10,network,Gesamtnetz,punctuality_p3,94.01,primary_headline,observed,Share of arrivals no more than 3:59 minutes late.,VBB Berlin S-Bahn quality tool,https://unternehmen.vbb.de/qualitaet-im-oepnv/qualitaet-berliner-s-bahn/,2026-07-09T20:59:23+00:00,"Network punctuality, arrivals no more than 3:59 minutes late."
2023-10,2023,10,network,Gesamtnetz,reliability_zg,94.04,primary_headline,observed,Delivered train-km divided by scheduled train-km on the day-current timetable.,VBB Berlin S-Bahn quality tool,https://unternehmen.vbb.de/qualitaet-im-oepnv/qualitaet-berliner-s-bahn/,2026-07-09T20:59:23+00:00,"Network reliability, delivered train-km over scheduled train-km."
2023-10,2023,10,network,Gesamtnetz,punctuality_p0,68.71,sensitivity,observed,Share of arrivals no more than 0:59 minutes late.,VBB Berlin S-Bahn quality tool,https://unternehmen.vbb.de/qualitaet-im-oepnv/qualitaet-berliner-s-bahn/,2026-07-09T20:59:23+00:00,"Network punctuality, arrivals no more than 0:59 minutes late."
2023-11,2023,11,network,Gesamtnetz,punctuality_p3,90.75,primary_headline,observed,Share of arrivals no more than 3:59 minutes late.,VBB Berlin S-Bahn quality tool,https://unternehmen.vbb.de/qualitaet-im-oepnv/qualitaet-berliner-s-bahn/,2026-07-09T20:59:23+00:00,"Network punctuality, arrivals no more than 3:59 minutes late."
2023-11,2023,11,network,Gesamtnetz,reliability_zg,89.20,primary_headline,observed,Delivered train-km divided by scheduled train-km on the day-current timetable.,VBB Berlin S-Bahn quality tool,https://unternehmen.vbb.de/qualitaet-im-oepnv/qualitaet-berliner-s-bahn/,2026-07-09T20:59:23+00:00,"Network reliability, delivered train-km over scheduled train-km."
2023-11,2023,11,network,Gesamtnetz,punctuality_p0,61.42,sensitivity,observed,Share of arrivals no more than 0:59 minutes late.,VBB Berlin S-Bahn quality tool,https://unternehmen.vbb.de/qualitaet-im-oepnv/qualitaet-berliner-s-bahn/,2026-07-09T20:59:23+00:00,"Network punctuality, arrivals no more than 0:59 minutes late."
2023-12,2023,12,network,Gesamtnetz,punctuality_p3,93.63,primary_headline,observed,Share of arrivals no more than 3:59 minutes late.,VBB Berlin S-Bahn quality tool,https://unternehmen.vbb.de/qualitaet-im-oepnv/qualitaet-berliner-s-bahn/,2026-07-09T20:59:23+00:00,"Network punctuality, arrivals no more than 3:59 minutes late."
2023-12,2023,12,network,Gesamtnetz,reliability_zg,92.54,primary_headline,observed,Delivered train-km divided by scheduled train-km on the day-current timetable.,VBB Berlin S-Bahn quality tool,https://unternehmen.vbb.de/qualitaet-im-oepnv/qualitaet-berliner-s-bahn/,2026-07-09T20:59:23+00:00,"Network reliability, delivered train-km over scheduled train-km."
2023-12,2023,12,network,Gesamtnetz,punctuality_p0,68.66,sensitivity,observed,Share of arrivals no more than 0:59 minutes late.,VBB Berlin S-Bahn quality tool,https://unternehmen.vbb.de/qualitaet-im-oepnv/qualitaet-berliner-s-bahn/,2026-07-09T20:59:23+00:00,"Network punctuality, arrivals no more than 0:59 minutes late."
2024-01,2024,1,network,Gesamtnetz,punctuality_p3,94.82,primary_headline,observed,Share of arrivals no more than 3:59 minutes late.,VBB Berlin S-Bahn quality tool,https://unternehmen.vbb.de/qualitaet-im-oepnv/qualitaet-berliner-s-bahn/,2026-07-09T20:59:23+00:00,"Network punctuality, arrivals no more than 3:59 minutes late."
2024-01,2024,1,network,Gesamtnetz,reliability_zg,75.18,primary_headline,observed,Delivered train-km divided by scheduled train-km on the day-current timetable.,VBB Berlin S-Bahn quality tool,https://unternehmen.vbb.de/qualitaet-im-oepnv/qualitaet-berliner-s-bahn/,2026-07-09T20:59:23+00:00,"Network reliability, delivered train-km over scheduled train-km."
2024-01,2024,1,network,Gesamtnetz,punctuality_p0,73.65,sensitivity,observed,Share of arrivals no more than 0:59 minutes late.,VBB Berlin S-Bahn quality tool,https://unternehmen.vbb.de/qualitaet-im-oepnv/qualitaet-berliner-s-bahn/,2026-07-09T20:59:23+00:00,"Network punctuality, arrivals no more than 0:59 minutes late."
2024-02,2024,2,network,Gesamtnetz,punctuality_p3,94.37,primary_headline,observed,Share of arrivals no more than 3:59 minutes late.,VBB Berlin S-Bahn quality tool,https://unternehmen.vbb.de/qualitaet-im-oepnv/qualitaet-berliner-s-bahn/,2026-07-09T20:59:23+00:00,"Network punctuality, arrivals no more than 3:59 minutes late."
2024-02,2024,2,network,Gesamtnetz,reliability_zg,94.84,primary_headline,observed,Delivered train-km divided by scheduled train-km on the day-current timetable.,VBB Berlin S-Bahn quality tool,https://unternehmen.vbb.de/qualitaet-im-oepnv/qualitaet-berliner-s-bahn/,2026-07-09T20:59:23+00:00,"Network reliability, delivered train-km over scheduled train-km."
2024-02,2024,2,network,Gesamtnetz,punctuality_p0,73.66,sensitivity,observed,Share of arrivals no more than 0:59 minutes late.,VBB Berlin S-Bahn quality tool,https://unternehmen.vbb.de/qualitaet-im-oepnv/qualitaet-berliner-s-bahn/,2026-07-09T20:59:23+00:00,"Network punctuality, arrivals no more than 0:59 minutes late."
2024-03,2024,3,network,Gesamtnetz,punctuality_p3,95.22,primary_headline,observed,Share of arrivals no more than 3:59 minutes late.,VBB Berlin S-Bahn quality tool,https://unternehmen.vbb.de/qualitaet-im-oepnv/qualitaet-berliner-s-bahn/,2026-07-09T20:59:23+00:00,"Network punctuality, arrivals no more than 3:59 minutes late."
2024-03,2024,3,network,Gesamtnetz,reliability_zg,88.49,primary_headline,observed,Delivered train-km divided by scheduled train-km on the day-current timetable.,VBB Berlin S-Bahn quality tool,https://unternehmen.vbb.de/qualitaet-im-oepnv/qualitaet-berliner-s-bahn/,2026-07-09T20:59:23+00:00,"Network reliability, delivered train-km over scheduled train-km."
2024-03,2024,3,network,Gesamtnetz,punctuality_p0,74.75,sensitivity,observed,Share of arrivals no more than 0:59 minutes late.,VBB Berlin S-Bahn quality tool,https://unternehmen.vbb.de/qualitaet-im-oepnv/qualitaet-berliner-s-bahn/,2026-07-09T20:59:23+00:00,"Network punctuality, arrivals no more than 0:59 minutes late."
2024-04,2024,4,network,Gesamtnetz,punctuality_p3,93.26,primary_headline,observed,Share of arrivals no more than 3:59 minutes late.,VBB Berlin S-Bahn quality tool,https://unternehmen.vbb.de/qualitaet-im-oepnv/qualitaet-berliner-s-bahn/,2026-07-09T20:59:23+00:00,"Network punctuality, arrivals no more than 3:59 minutes late."
2024-04,2024,4,network,Gesamtnetz,reliability_zg,95.20,primary_headline,observed,Delivered train-km divided by scheduled train-km on the day-current timetable.,VBB Berlin S-Bahn quality tool,https://unternehmen.vbb.de/qualitaet-im-oepnv/qualitaet-berliner-s-bahn/,2026-07-09T20:59:23+00:00,"Network reliability, delivered train-km over scheduled train-km."
2024-04,2024,4,network,Gesamtnetz,punctuality_p0,68.66,sensitivity,observed,Share of arrivals no more than 0:59 minutes late.,VBB Berlin S-Bahn quality tool,https://unternehmen.vbb.de/qualitaet-im-oepnv/qualitaet-berliner-s-bahn/,2026-07-09T20:59:23+00:00,"Network punctuality, arrivals no more than 0:59 minutes late."
2024-05,2024,5,network,Gesamtnetz,punctuality_p3,93.86,primary_headline,observed,Share of arrivals no more than 3:59 minutes late.,VBB Berlin S-Bahn quality tool,https://unternehmen.vbb.de/qualitaet-im-oepnv/qualitaet-berliner-s-bahn/,2026-07-09T20:59:23+00:00,"Network punctuality, arrivals no more than 3:59 minutes late."
2024-05,2024,5,network,Gesamtnetz,reliability_zg,95.03,primary_headline,observed,Delivered train-km divided by scheduled train-km on the day-current timetable.,VBB Berlin S-Bahn quality tool,https://unternehmen.vbb.de/qualitaet-im-oepnv/qualitaet-berliner-s-bahn/,2026-07-09T20:59:23+00:00,"Network reliability, delivered train-km over scheduled train-km."
2024-05,2024,5,network,Gesamtnetz,punctuality_p0,70.63,sensitivity,observed,Share of arrivals no more than 0:59 minutes late.,VBB Berlin S-Bahn quality tool,https://unternehmen.vbb.de/qualitaet-im-oepnv/qualitaet-berliner-s-bahn/,2026-07-09T20:59:23+00:00,"Network punctuality, arrivals no more than 0:59 minutes late."
2024-06,2024,6,network,Gesamtnetz,punctuality_p3,92.20,primary_headline,observed,Share of arrivals no more than 3:59 minutes late.,VBB Berlin S-Bahn quality tool,https://unternehmen.vbb.de/qualitaet-im-oepnv/qualitaet-berliner-s-bahn/,2026-07-09T20:59:23+00:00,"Network punctuality, arrivals no more than 3:59 minutes late."
2024-06,2024,6,network,Gesamtnetz,reliability_zg,92.19,primary_headline,observed,Delivered train-km divided by scheduled train-km on the day-current timetable.,VBB Berlin S-Bahn quality tool,https://unternehmen.vbb.de/qualitaet-im-oepnv/qualitaet-berliner-s-bahn/,2026-07-09T20:59:23+00:00,"Network reliability, delivered train-km over scheduled train-km."
2024-06,2024,6,network,Gesamtnetz,punctuality_p0,66.33,sensitivity,observed,Share of arrivals no more than 0:59 minutes late.,VBB Berlin S-Bahn quality tool,https://unternehmen.vbb.de/qualitaet-im-oepnv/qualitaet-berliner-s-bahn/,2026-07-09T20:59:23+00:00,"Network punctuality, arrivals no more than 0:59 minutes late."
2024-07,2024,7,network,Gesamtnetz,punctuality_p3,94.40,primary_headline,observed,Share of arrivals no more than 3:59 minutes late.,VBB Berlin S-Bahn quality tool,https://unternehmen.vbb.de/qualitaet-im-oepnv/qualitaet-berliner-s-bahn/,2026-07-09T20:59:23+00:00,"Network punctuality, arrivals no more than 3:59 minutes late."
2024-07,2024,7,network,Gesamtnetz,reliability_zg,95.36,primary_headline,observed,Delivered train-km divided by scheduled train-km on the day-current timetable.,VBB Berlin S-Bahn quality tool,https://unternehmen.vbb.de/qualitaet-im-oepnv/qualitaet-berliner-s-bahn/,2026-07-09T20:59:23+00:00,"Network reliability, delivered train-km over scheduled train-km."
2024-07,2024,7,network,Gesamtnetz,punctuality_p0,69.36,sensitivity,observed,Share of arrivals no more than 0:59 minutes late.,VBB Berlin S-Bahn quality tool,https://unternehmen.vbb.de/qualitaet-im-oepnv/qualitaet-berliner-s-bahn/,2026-07-09T20:59:23+00:00,"Network punctuality, arrivals no more than 0:59 minutes late."
2024-08,2024,8,network,Gesamtnetz,punctuality_p3,95.03,primary_headline,observed,Share of arrivals no more than 3:59 minutes late.,VBB Berlin S-Bahn quality tool,https://unternehmen.vbb.de/qualitaet-im-oepnv/qualitaet-berliner-s-bahn/,2026-07-09T20:59:23+00:00,"Network punctuality, arrivals no more than 3:59 minutes late."
2024-08,2024,8,network,Gesamtnetz,reliability_zg,94.71,primary_headline,observed,Delivered train-km divided by scheduled train-km on the day-current timetable.,VBB Berlin S-Bahn quality tool,https://unternehmen.vbb.de/qualitaet-im-oepnv/qualitaet-berliner-s-bahn/,2026-07-09T20:59:23+00:00,"Network reliability, delivered train-km over scheduled train-km."
2024-08,2024,8,network,Gesamtnetz,punctuality_p0,73.08,sensitivity,observed,Share of arrivals no more than 0:59 minutes late.,VBB Berlin S-Bahn quality tool,https://unternehmen.vbb.de/qualitaet-im-oepnv/qualitaet-berliner-s-bahn/,2026-07-09T20:59:23+00:00,"Network punctuality, arrivals no more than 0:59 minutes late."
2024-09,2024,9,network,Gesamtnetz,punctuality_p3,92.12,primary_headline,observed,Share of arrivals no more than 3:59 minutes late.,VBB Berlin S-Bahn quality tool,https://unternehmen.vbb.de/qualitaet-im-oepnv/qualitaet-berliner-s-bahn/,2026-07-09T20:59:23+00:00,"Network punctuality, arrivals no more than 3:59 minutes late."
2024-09,2024,9,network,Gesamtnetz,reliability_zg,93.85,primary_headline,observed,Delivered train-km divided by scheduled train-km on the day-current timetable.,VBB Berlin S-Bahn quality tool,https://unternehmen.vbb.de/qualitaet-im-oepnv/qualitaet-berliner-s-bahn/,2026-07-09T20:59:23+00:00,"Network reliability, delivered train-km over scheduled train-km."
2024-09,2024,9,network,Gesamtnetz,punctuality_p0,65.04,sensitivity,observed,Share of arrivals no more than 0:59 minutes late.,VBB Berlin S-Bahn quality tool,https://unternehmen.vbb.de/qualitaet-im-oepnv/qualitaet-berliner-s-bahn/,2026-07-09T20:59:23+00:00,"Network punctuality, arrivals no more than 0:59 minutes late."
2024-10,2024,10,network,Gesamtnetz,punctuality_p3,92.75,primary_headline,observed,Share of arrivals no more than 3:59 minutes late.,VBB Berlin S-Bahn quality tool,https://unternehmen.vbb.de/qualitaet-im-oepnv/qualitaet-berliner-s-bahn/,2026-07-09T20:59:23+00:00,"Network punctuality, arrivals no more than 3:59 minutes late."
2024-10,2024,10,network,Gesamtnetz,reliability_zg,92.55,primary_headline,observed,Delivered train-km divided by scheduled train-km on the day-current timetable.,VBB Berlin S-Bahn quality tool,https://unternehmen.vbb.de/qualitaet-im-oepnv/qualitaet-berliner-s-bahn/,2026-07-09T20:59:23+00:00,"Network reliability, delivered train-km over scheduled train-km."
2024-10,2024,10,network,Gesamtnetz,punctuality_p0,68.45,sensitivity,observed,Share of arrivals no more than 0:59 minutes late.,VBB Berlin S-Bahn quality tool,https://unternehmen.vbb.de/qualitaet-im-oepnv/qualitaet-berliner-s-bahn/,2026-07-09T20:59:23+00:00,"Network punctuality, arrivals no more than 0:59 minutes late."
2024-11,2024,11,network,Gesamtnetz,punctuality_p3,92.88,primary_headline,observed,Share of arrivals no more than 3:59 minutes late.,VBB Berlin S-Bahn quality tool,https://unternehmen.vbb.de/qualitaet-im-oepnv/qualitaet-berliner-s-bahn/,2026-07-09T20:59:23+00:00,"Network punctuality, arrivals no more than 3:59 minutes late."
2024-11,2024,11,network,Gesamtnetz,reliability_zg,93.42,primary_headline,observed,Delivered train-km divided by scheduled train-km on the day-current timetable.,VBB Berlin S-Bahn quality tool,https://unternehmen.vbb.de/qualitaet-im-oepnv/qualitaet-berliner-s-bahn/,2026-07-09T20:59:23+00:00,"Network reliability, delivered train-km over scheduled train-km."
2024-11,2024,11,network,Gesamtnetz,punctuality_p0,65.32,sensitivity,observed,Share of arrivals no more than 0:59 minutes late.,VBB Berlin S-Bahn quality tool,https://unternehmen.vbb.de/qualitaet-im-oepnv/qualitaet-berliner-s-bahn/,2026-07-09T20:59:23+00:00,"Network punctuality, arrivals no more than 0:59 minutes late."
2024-12,2024,12,network,Gesamtnetz,punctuality_p3,94.40,primary_headline,observed,Share of arrivals no more than 3:59 minutes late.,VBB Berlin S-Bahn quality tool,https://unternehmen.vbb.de/qualitaet-im-oepnv/qualitaet-berliner-s-bahn/,2026-07-09T20:59:23+00:00,"Network punctuality, arrivals no more than 3:59 minutes late."
2024-12,2024,12,network,Gesamtnetz,reliability_zg,94.89,primary_headline,observed,Delivered train-km divided by scheduled train-km on the day-current timetable.,VBB Berlin S-Bahn quality tool,https://unternehmen.vbb.de/qualitaet-im-oepnv/qualitaet-berliner-s-bahn/,2026-07-09T20:59:23+00:00,"Network reliability, delivered train-km over scheduled train-km."
2024-12,2024,12,network,Gesamtnetz,punctuality_p0,70.48,sensitivity,observed,Share of arrivals no more than 0:59 minutes late.,VBB Berlin S-Bahn quality tool,https://unternehmen.vbb.de/qualitaet-im-oepnv/qualitaet-berliner-s-bahn/,2026-07-09T20:59:23+00:00,"Network punctuality, arrivals no more than 0:59 minutes late."
2025-01,2025,1,network,Gesamtnetz,punctuality_p3,94.32,primary_headline,observed,Share of arrivals no more than 3:59 minutes late.,VBB Berlin S-Bahn quality tool,https://unternehmen.vbb.de/qualitaet-im-oepnv/qualitaet-berliner-s-bahn/,2026-07-09T20:59:23+00:00,"Network punctuality, arrivals no more than 3:59 minutes late."
2025-01,2025,1,network,Gesamtnetz,reliability_zg,95.26,primary_headline,observed,Delivered train-km divided by scheduled train-km on the day-current timetable.,VBB Berlin S-Bahn quality tool,https://unternehmen.vbb.de/qualitaet-im-oepnv/qualitaet-berliner-s-bahn/,2026-07-09T20:59:23+00:00,"Network reliability, delivered train-km over scheduled train-km."
2025-01,2025,1,network,Gesamtnetz,punctuality_p0,71.40,sensitivity,observed,Share of arrivals no more than 0:59 minutes late.,VBB Berlin S-Bahn quality tool,https://unternehmen.vbb.de/qualitaet-im-oepnv/qualitaet-berliner-s-bahn/,2026-07-09T20:59:23+00:00,"Network punctuality, arrivals no more than 0:59 minutes late."
2025-02,2025,2,network,Gesamtnetz,punctuality_p3,92.59,primary_headline,observed,Share of arrivals no more than 3:59 minutes late.,VBB Berlin S-Bahn quality tool,https://unternehmen.vbb.de/qualitaet-im-oepnv/qualitaet-berliner-s-bahn/,2026-07-09T20:59:23+00:00,"Network punctuality, arrivals no more than 3:59 minutes late."
2025-02,2025,2,network,Gesamtnetz,reliability_zg,94.28,primary_headline,observed,Delivered train-km divided by scheduled train-km on the day-current timetable.,VBB Berlin S-Bahn quality tool,https://unternehmen.vbb.de/qualitaet-im-oepnv/qualitaet-berliner-s-bahn/,2026-07-09T20:59:23+00:00,"Network reliability, delivered train-km over scheduled train-km."
2025-02,2025,2,network,Gesamtnetz,punctuality_p0,68.40,sensitivity,observed,Share of arrivals no more than 0:59 minutes late.,VBB Berlin S-Bahn quality tool,https://unternehmen.vbb.de/qualitaet-im-oepnv/qualitaet-berliner-s-bahn/,2026-07-09T20:59:23+00:00,"Network punctuality, arrivals no more than 0:59 minutes late."
2025-03,2025,3,network,Gesamtnetz,punctuality_p3,93.45,primary_headline,observed,Share of arrivals no more than 3:59 minutes late.,VBB Berlin S-Bahn quality tool,https://unternehmen.vbb.de/qualitaet-im-oepnv/qualitaet-berliner-s-bahn/,2026-07-09T20:59:23+00:00,"Network punctuality, arrivals no more than 3:59 minutes late."
2025-03,2025,3,network,Gesamtnetz,reliability_zg,94.40,primary_headline,observed,Delivered train-km divided by scheduled train-km on the day-current timetable.,VBB Berlin S-Bahn quality tool,https://unternehmen.vbb.de/qualitaet-im-oepnv/qualitaet-berliner-s-bahn/,2026-07-09T20:59:23+00:00,"Network reliability, delivered train-km over scheduled train-km."
2025-03,2025,3,network,Gesamtnetz,punctuality_p0,70.39,sensitivity,observed,Share of arrivals no more than 0:59 minutes late.,VBB Berlin S-Bahn quality tool,https://unternehmen.vbb.de/qualitaet-im-oepnv/qualitaet-berliner-s-bahn/,2026-07-09T20:59:23+00:00,"Network punctuality, arrivals no more than 0:59 minutes late."
2025-04,2025,4,network,Gesamtnetz,punctuality_p3,93.33,primary_headline,observed,Share of arrivals no more than 3:59 minutes late.,VBB Berlin S-Bahn quality tool,https://unternehmen.vbb.de/qualitaet-im-oepnv/qualitaet-berliner-s-bahn/,2026-07-09T20:59:23+00:00,"Network punctuality, arrivals no more than 3:59 minutes late."
2025-04,2025,4,network,Gesamtnetz,reliability_zg,91.98,primary_headline,observed,Delivered train-km divided by scheduled train-km on the day-current timetable.,VBB Berlin S-Bahn quality tool,https://unternehmen.vbb.de/qualitaet-im-oepnv/qualitaet-berliner-s-bahn/,2026-07-09T20:59:23+00:00,"Network reliability, delivered train-km over scheduled train-km."
2025-04,2025,4,network,Gesamtnetz,punctuality_p0,67.56,sensitivity,observed,Share of arrivals no more than 0:59 minutes late.,VBB Berlin S-Bahn quality tool,https://unternehmen.vbb.de/qualitaet-im-oepnv/qualitaet-berliner-s-bahn/,2026-07-09T20:59:23+00:00,"Network punctuality, arrivals no more than 0:59 minutes late."
2025-05,2025,5,network,Gesamtnetz,punctuality_p3,92.49,primary_headline,observed,Share of arrivals no more than 3:59 minutes late.,VBB Berlin S-Bahn quality tool,https://unternehmen.vbb.de/qualitaet-im-oepnv/qualitaet-berliner-s-bahn/,2026-07-09T20:59:23+00:00,"Network punctuality, arrivals no more than 3:59 minutes late."
2025-05,2025,5,network,Gesamtnetz,reliability_zg,94.42,primary_headline,observed,Delivered train-km divided by scheduled train-km on the day-current timetable.,VBB Berlin S-Bahn quality tool,https://unternehmen.vbb.de/qualitaet-im-oepnv/qualitaet-berliner-s-bahn/,2026-07-09T20:59:23+00:00,"Network reliability, delivered train-km over scheduled train-km."
2025-05,2025,5,network,Gesamtnetz,punctuality_p0,66.69,sensitivity,observed,Share of arrivals no more than 0:59 minutes late.,VBB Berlin S-Bahn quality tool,https://unternehmen.vbb.de/qualitaet-im-oepnv/qualitaet-berliner-s-bahn/,2026-07-09T20:59:23+00:00,"Network punctuality, arrivals no more than 0:59 minutes late."
2025-06,2025,6,network,Gesamtnetz,punctuality_p3,91.92,primary_headline,observed,Share of arrivals no more than 3:59 minutes late.,VBB Berlin S-Bahn quality tool,https://unternehmen.vbb.de/qualitaet-im-oepnv/qualitaet-berliner-s-bahn/,2026-07-09T20:59:23+00:00,"Network punctuality, arrivals no more than 3:59 minutes late."
2025-06,2025,6,network,Gesamtnetz,reliability_zg,92.14,primary_headline,observed,Delivered train-km divided by scheduled train-km on the day-current timetable.,VBB Berlin S-Bahn quality tool,https://unternehmen.vbb.de/qualitaet-im-oepnv/qualitaet-berliner-s-bahn/,2026-07-09T20:59:23+00:00,"Network reliability, delivered train-km over scheduled train-km."
2025-06,2025,6,network,Gesamtnetz,punctuality_p0,67.48,sensitivity,observed,Share of arrivals no more than 0:59 minutes late.,VBB Berlin S-Bahn quality tool,https://unternehmen.vbb.de/qualitaet-im-oepnv/qualitaet-berliner-s-bahn/,2026-07-09T20:59:23+00:00,"Network punctuality, arrivals no more than 0:59 minutes late."
2025-07,2025,7,network,Gesamtnetz,punctuality_p3,91.44,primary_headline,observed,Share of arrivals no more than 3:59 minutes late.,VBB Berlin S-Bahn quality tool,https://unternehmen.vbb.de/qualitaet-im-oepnv/qualitaet-berliner-s-bahn/,2026-07-09T20:59:23+00:00,"Network punctuality, arrivals no more than 3:59 minutes late."
2025-07,2025,7,network,Gesamtnetz,reliability_zg,93.17,primary_headline,observed,Delivered train-km divided by scheduled train-km on the day-current timetable.,VBB Berlin S-Bahn quality tool,https://unternehmen.vbb.de/qualitaet-im-oepnv/qualitaet-berliner-s-bahn/,2026-07-09T20:59:23+00:00,"Network reliability, delivered train-km over scheduled train-km."
2025-07,2025,7,network,Gesamtnetz,punctuality_p0,65.39,sensitivity,observed,Share of arrivals no more than 0:59 minutes late.,VBB Berlin S-Bahn quality tool,https://unternehmen.vbb.de/qualitaet-im-oepnv/qualitaet-berliner-s-bahn/,2026-07-09T20:59:23+00:00,"Network punctuality, arrivals no more than 0:59 minutes late."
2025-08,2025,8,network,Gesamtnetz,punctuality_p3,93.15,primary_headline,observed,Share of arrivals no more than 3:59 minutes late.,VBB Berlin S-Bahn quality tool,https://unternehmen.vbb.de/qualitaet-im-oepnv/qualitaet-berliner-s-bahn/,2026-07-09T20:59:23+00:00,"Network punctuality, arrivals no more than 3:59 minutes late."
2025-08,2025,8,network,Gesamtnetz,reliability_zg,94.11,primary_headline,observed,Delivered train-km divided by scheduled train-km on the day-current timetable.,VBB Berlin S-Bahn quality tool,https://unternehmen.vbb.de/qualitaet-im-oepnv/qualitaet-berliner-s-bahn/,2026-07-09T20:59:23+00:00,"Network reliability, delivered train-km over scheduled train-km."
2025-08,2025,8,network,Gesamtnetz,punctuality_p0,70.34,sensitivity,observed,Share of arrivals no more than 0:59 minutes late.,VBB Berlin S-Bahn quality tool,https://unternehmen.vbb.de/qualitaet-im-oepnv/qualitaet-berliner-s-bahn/,2026-07-09T20:59:23+00:00,"Network punctuality, arrivals no more than 0:59 minutes late."
2025-09,2025,9,network,Gesamtnetz,punctuality_p3,92.66,primary_headline,observed,Share of arrivals no more than 3:59 minutes late.,VBB Berlin S-Bahn quality tool,https://unternehmen.vbb.de/qualitaet-im-oepnv/qualitaet-berliner-s-bahn/,2026-07-09T20:59:23+00:00,"Network punctuality, arrivals no more than 3:59 minutes late."
2025-09,2025,9,network,Gesamtnetz,reliability_zg,93.09,primary_headline,observed,Delivered train-km divided by scheduled train-km on the day-current timetable.,VBB Berlin S-Bahn quality tool,https://unternehmen.vbb.de/qualitaet-im-oepnv/qualitaet-berliner-s-bahn/,2026-07-09T20:59:23+00:00,"Network reliability, delivered train-km over scheduled train-km."
2025-09,2025,9,network,Gesamtnetz,punctuality_p0,67.80,sensitivity,observed,Share of arrivals no more than 0:59 minutes late.,VBB Berlin S-Bahn quality tool,https://unternehmen.vbb.de/qualitaet-im-oepnv/qualitaet-berliner-s-bahn/,2026-07-09T20:59:23+00:00,"Network punctuality, arrivals no more than 0:59 minutes late."
2025-10,2025,10,network,Gesamtnetz,punctuality_p3,92.86,primary_headline,observed,Share of arrivals no more than 3:59 minutes late.,VBB Berlin S-Bahn quality tool,https://unternehmen.vbb.de/qualitaet-im-oepnv/qualitaet-berliner-s-bahn/,2026-07-09T20:59:23+00:00,"Network punctuality, arrivals no more than 3:59 minutes late."
2025-10,2025,10,network,Gesamtnetz,reliability_zg,94.57,primary_headline,observed,Delivered train-km divided by scheduled train-km on the day-current timetable.,VBB Berlin S-Bahn quality tool,https://unternehmen.vbb.de/qualitaet-im-oepnv/qualitaet-berliner-s-bahn/,2026-07-09T20:59:23+00:00,"Network reliability, delivered train-km over scheduled train-km."
2025-10,2025,10,network,Gesamtnetz,punctuality_p0,67.71,sensitivity,observed,Share of arrivals no more than 0:59 minutes late.,VBB Berlin S-Bahn quality tool,https://unternehmen.vbb.de/qualitaet-im-oepnv/qualitaet-berliner-s-bahn/,2026-07-09T20:59:23+00:00,"Network punctuality, arrivals no more than 0:59 minutes late."
2025-11,2025,11,network,Gesamtnetz,punctuality_p3,93.23,primary_headline,observed,Share of arrivals no more than 3:59 minutes late.,VBB Berlin S-Bahn quality tool,https://unternehmen.vbb.de/qualitaet-im-oepnv/qualitaet-berliner-s-bahn/,2026-07-09T20:59:23+00:00,"Network punctuality, arrivals no more than 3:59 minutes late."
2025-11,2025,11,network,Gesamtnetz,reliability_zg,95.00,primary_headline,observed,Delivered train-km divided by scheduled train-km on the day-current timetable.,VBB Berlin S-Bahn quality tool,https://unternehmen.vbb.de/qualitaet-im-oepnv/qualitaet-berliner-s-bahn/,2026-07-09T20:59:23+00:00,"Network reliability, delivered train-km over scheduled train-km."
2025-11,2025,11,network,Gesamtnetz,punctuality_p0,67.83,sensitivity,observed,Share of arrivals no more than 0:59 minutes late.,VBB Berlin S-Bahn quality tool,https://unternehmen.vbb.de/qualitaet-im-oepnv/qualitaet-berliner-s-bahn/,2026-07-09T20:59:23+00:00,"Network punctuality, arrivals no more than 0:59 minutes late."
2025-12,2025,12,network,Gesamtnetz,punctuality_p3,93.88,primary_headline,observed,Share of arrivals no more than 3:59 minutes late.,VBB Berlin S-Bahn quality tool,https://unternehmen.vbb.de/qualitaet-im-oepnv/qualitaet-berliner-s-bahn/,2026-07-09T20:59:23+00:00,"Network punctuality, arrivals no more than 3:59 minutes late."
2025-12,2025,12,network,Gesamtnetz,reliability_zg,94.94,primary_headline,observed,Delivered train-km divided by scheduled train-km on the day-current timetable.,VBB Berlin S-Bahn quality tool,https://unternehmen.vbb.de/qualitaet-im-oepnv/qualitaet-berliner-s-bahn/,2026-07-09T20:59:23+00:00,"Network reliability, delivered train-km over scheduled train-km."
2025-12,2025,12,network,Gesamtnetz,punctuality_p0,72.87,sensitivity,observed,Share of arrivals no more than 0:59 minutes late.,VBB Berlin S-Bahn quality tool,https://unternehmen.vbb.de/qualitaet-im-oepnv/qualitaet-berliner-s-bahn/,2026-07-09T20:59:23+00:00,"Network punctuality, arrivals no more than 0:59 minutes late."
2026-01,2026,1,network,Gesamtnetz,punctuality_p3,92.53,primary_headline,observed,Share of arrivals no more than 3:59 minutes late.,VBB Berlin S-Bahn quality tool,https://unternehmen.vbb.de/qualitaet-im-oepnv/qualitaet-berliner-s-bahn/,2026-07-09T20:59:23+00:00,"Network punctuality, arrivals no more than 3:59 minutes late."
2026-01,2026,1,network,Gesamtnetz,reliability_zg,91.97,primary_headline,observed,Delivered train-km divided by scheduled train-km on the day-current timetable.,VBB Berlin S-Bahn quality tool,https://unternehmen.vbb.de/qualitaet-im-oepnv/qualitaet-berliner-s-bahn/,2026-07-09T20:59:23+00:00,"Network reliability, delivered train-km over scheduled train-km."
2026-01,2026,1,network,Gesamtnetz,punctuality_p0,68.20,sensitivity,observed,Share of arrivals no more than 0:59 minutes late.,VBB Berlin S-Bahn quality tool,https://unternehmen.vbb.de/qualitaet-im-oepnv/qualitaet-berliner-s-bahn/,2026-07-09T20:59:23+00:00,"Network punctuality, arrivals no more than 0:59 minutes late."
2026-02,2026,2,network,Gesamtnetz,punctuality_p3,92.73,primary_headline,observed,Share of arrivals no more than 3:59 minutes late.,VBB Berlin S-Bahn quality tool,https://unternehmen.vbb.de/qualitaet-im-oepnv/qualitaet-berliner-s-bahn/,2026-07-09T20:59:23+00:00,"Network punctuality, arrivals no more than 3:59 minutes late."
2026-02,2026,2,network,Gesamtnetz,reliability_zg,94.36,primary_headline,observed,Delivered train-km divided by scheduled train-km on the day-current timetable.,VBB Berlin S-Bahn quality tool,https://unternehmen.vbb.de/qualitaet-im-oepnv/qualitaet-berliner-s-bahn/,2026-07-09T20:59:23+00:00,"Network reliability, delivered train-km over scheduled train-km."
2026-02,2026,2,network,Gesamtnetz,punctuality_p0,69.45,sensitivity,observed,Share of arrivals no more than 0:59 minutes late.,VBB Berlin S-Bahn quality tool,https://unternehmen.vbb.de/qualitaet-im-oepnv/qualitaet-berliner-s-bahn/,2026-07-09T20:59:23+00:00,"Network punctuality, arrivals no more than 0:59 minutes late."
2026-03,2026,3,network,Gesamtnetz,punctuality_p3,95.40,primary_headline,observed,Share of arrivals no more than 3:59 minutes late.,VBB Berlin S-Bahn quality tool,https://unternehmen.vbb.de/qualitaet-im-oepnv/qualitaet-berliner-s-bahn/,2026-07-09T20:59:23+00:00,"Network punctuality, arrivals no more than 3:59 minutes late."
2026-03,2026,3,network,Gesamtnetz,reliability_zg,96.40,primary_headline,observed,Delivered train-km divided by scheduled train-km on the day-current timetable.,VBB Berlin S-Bahn quality tool,https://unternehmen.vbb.de/qualitaet-im-oepnv/qualitaet-berliner-s-bahn/,2026-07-09T20:59:23+00:00,"Network reliability, delivered train-km over scheduled train-km."
2026-03,2026,3,network,Gesamtnetz,punctuality_p0,76.81,sensitivity,observed,Share of arrivals no more than 0:59 minutes late.,VBB Berlin S-Bahn quality tool,https://unternehmen.vbb.de/qualitaet-im-oepnv/qualitaet-berliner-s-bahn/,2026-07-09T20:59:23+00:00,"Network punctuality, arrivals no more than 0:59 minutes late."
2026-04,2026,4,network,Gesamtnetz,punctuality_p3,95.48,primary_headline,observed,Share of arrivals no more than 3:59 minutes late.,VBB Berlin S-Bahn quality tool,https://unternehmen.vbb.de/qualitaet-im-oepnv/qualitaet-berliner-s-bahn/,2026-07-09T20:59:23+00:00,"Network punctuality, arrivals no more than 3:59 minutes late."
2026-04,2026,4,network,Gesamtnetz,reliability_zg,96.62,primary_headline,observed,Delivered train-km divided by scheduled train-km on the day-current timetable.,VBB Berlin S-Bahn quality tool,https://unternehmen.vbb.de/qualitaet-im-oepnv/qualitaet-berliner-s-bahn/,2026-07-09T20:59:23+00:00,"Network reliability, delivered train-km over scheduled train-km."
2026-04,2026,4,network,Gesamtnetz,punctuality_p0,75.87,sensitivity,observed,Share of arrivals no more than 0:59 minutes late.,VBB Berlin S-Bahn quality tool,https://unternehmen.vbb.de/qualitaet-im-oepnv/qualitaet-berliner-s-bahn/,2026-07-09T20:59:23+00:00,"Network punctuality, arrivals no more than 0:59 minutes late."
2026-05,2026,5,network,Gesamtnetz,punctuality_p3,94.55,primary_headline,observed,Share of arrivals no more than 3:59 minutes late.,VBB Berlin S-Bahn quality tool,https://unternehmen.vbb.de/qualitaet-im-oepnv/qualitaet-berliner-s-bahn/,2026-07-09T20:59:23+00:00,"Network punctuality, arrivals no more than 3:59 minutes late."
2026-05,2026,5,network,Gesamtnetz,reliability_zg,95.60,primary_headline,observed,Delivered train-km divided by scheduled train-km on the day-current timetable.,VBB Berlin S-Bahn quality tool,https://unternehmen.vbb.de/qualitaet-im-oepnv/qualitaet-berliner-s-bahn/,2026-07-09T20:59:23+00:00,"Network reliability, delivered train-km over scheduled train-km."
2026-05,2026,5,network,Gesamtnetz,punctuality_p0,73.32,sensitivity,observed,Share of arrivals no more than 0:59 minutes late.,VBB Berlin S-Bahn quality tool,https://unternehmen.vbb.de/qualitaet-im-oepnv/qualitaet-berliner-s-bahn/,2026-07-09T20:59:23+00:00,"Network punctuality, arrivals no more than 0:59 minutes late."
